pc_time,current_mA,voltage1_V,voltage2_V,status,sample_count
2026-08-13 07:34:26.049,0.000,0.000,0.000,0x0005,2468
2026-08-13 07:34:26.562,0.000,0.000,0.000,0x0005,2473
2026-08-13 07:34:27.064,0.000,0.000,0.000,0x0005,2478
2026-08-13 07:34:27.571,0.000,0.000,0.000,0x0005,2483
2026-08-13 07:34:28.077,0.000,0.000,0.000,0x0005,2488
2026-08-13 07:34:28.583,0.000,0.000,0.000,0x0005,2493
2026-08-13 07:34:29.087,0.000,0.000,0.000,0x0005,2498
2026-08-13 07:34:29.592,0.000,0.000,0.000,0x0005,2503
2026-08-13 07:34:30.094,0.000,0.000,0.000,0x0005,2508
2026-08-13 07:34:30.598,0.000,0.000,0.000,0x0005,2513
2026-08-13 07:34:31.101,0.000,0.000,0.000,0x0005,2518
2026-08-13 07:34:31.603,0.000,0.000,0.000,0x0005,2523
2026-08-13 07:34:32.118,0.000,0.000,0.000,0x0005,2529
2026-08-13 07:34:32.622,0.000,0.000,0.000,0x0005,2534
2026-08-13 07:34:33.128,0.000,0.000,0.000,0x0005,2539
2026-08-13 07:34:33.634,0.000,0.000,0.000,0x0005,2544
2026-08-13 07:34:34.140,0.000,0.000,0.000,0x0005,2549
2026-08-13 07:34:34.640,0.000,0.000,0.000,0x0005,2554
2026-08-13 07:34:35.156,0.000,0.000,0.000,0x0005,2559
2026-08-13 07:34:35.658,0.000,0.000,0.000,0x0005,2564
2026-08-13 07:34:36.163,0.000,0.000,0.000,0x0005,2569
2026-08-13 07:34:36.668,0.000,0.000,0.000,0x0005,2574
2026-08-13 07:34:37.174,0.000,0.000,0.000,0x0005,2579
2026-08-13 07:34:37.679,0.000,0.000,0.000,0x0005,2584
2026-08-13 07:34:38.186,0.000,0.000,0.000,0x0005,2589
2026-08-13 07:34:38.689,0.000,0.000,0.000,0x0005,2594
2026-08-13 07:34:39.194,0.000,0.000,0.000,0x0005,2599
2026-08-13 07:34:39.699,0.000,0.000,0.000,0x0005,2604
2026-08-13 07:34:40.202,0.000,0.000,0.000,0x0005,2609
2026-08-13 07:34:40.706,0.000,0.000,0.000,0x0005,2615
2026-08-13 07:34:41.208,0.000,0.000,0.000,0x0005,2620
2026-08-13 07:34:41.722,0.000,0.000,0.000,0x0005,2625
2026-08-13 07:34:42.225,0.000,0.000,0.000,0x0005,2630
2026-08-13 07:34:42.727,0.000,0.000,0.000,0x0005,2635
2026-08-13 07:34:43.229,0.000,0.000,0.000,0x0005,2640
2026-08-13 07:34:43.733,0.000,0.000,0.000,0x0005,2645
2026-08-13 07:34:44.248,0.000,0.000,0.000,0x0005,2650
2026-08-13 07:34:44.764,0.000,0.000,0.000,0x0005,2655
2026-08-13 07:34:45.279,0.000,0.000,0.000,0x0005,2660
2026-08-13 07:34:45.779,0.000,0.000,0.000,0x0005,2665
2026-08-13 07:34:46.281,0.000,0.000,0.000,0x0005,2670
2026-08-13 07:34:46.784,0.000,0.000,0.000,0x0005,2675
2026-08-13 07:34:47.291,0.000,0.000,0.000,0x0005,2680
2026-08-13 07:34:47.792,0.000,0.000,0.000,0x0005,2685
2026-08-13 07:34:48.294,0.000,0.000,0.000,0x0005,2690
2026-08-13 07:34:48.798,0.000,0.000,0.000,0x0005,2695
2026-08-13 07:34:49.301,0.000,0.000,0.000,0x0005,2700
2026-08-13 07:34:49.805,0.000,0.000,0.000,0x0005,2705
2026-08-13 07:34:50.308,0.000,0.000,0.000,0x0005,2711
2026-08-13 07:34:50.816,0.000,0.000,0.000,0x0005,2716
2026-08-13 07:34:51.318,0.000,0.000,0.000,0x0005,2721
2026-08-13 07:34:51.821,0.000,0.000,0.000,0x0005,2726
2026-08-13 07:34:52.328,0.000,0.000,0.000,0x0005,2731
2026-08-13 07:34:52.833,0.000,0.000,0.000,0x0005,2736
2026-08-13 07:34:53.340,0.000,0.000,0.000,0x0005,2741
2026-08-13 07:34:53.842,0.000,0.000,0.000,0x0005,2746
2026-08-13 07:34:54.351,0.000,0.000,0.000,0x0005,2751
2026-08-13 07:34:54.855,0.000,0.000,0.000,0x0005,2756
2026-08-13 07:34:55.356,0.000,0.000,0.000,0x0005,2761
2026-08-13 07:34:55.863,0.000,0.000,0.000,0x0005,2766
2026-08-13 07:34:56.367,0.000,0.000,0.000,0x0005,2771
2026-08-13 07:34:56.871,0.000,0.000,0.000,0x0005,2776
2026-08-13 07:34:57.375,0.000,0.000,0.000,0x0005,2781
2026-08-13 07:34:57.883,0.000,0.000,0.000,0x0005,2786
2026-08-13 07:34:58.386,0.000,0.000,0.000,0x0005,2791
2026-08-13 07:40:53.836,0.000,0.000,0.000,0x0003,51
2026-08-13 07:40:54.347,0.000,0.000,0.000,0x0003,56
2026-08-13 07:40:54.849,0.000,0.000,0.000,0x0003,61
2026-08-13 07:40:55.353,0.000,0.000,0.000,0x0003,66
2026-08-13 07:40:55.859,0.000,0.000,0.000,0x0003,71
2026-08-13 07:40:56.363,0.000,0.000,0.000,0x0003,77
2026-08-13 07:40:56.870,0.000,0.000,0.000,0x0003,82
2026-08-13 07:40:57.375,0.000,0.000,0.000,0x0003,87
2026-08-13 07:40:57.881,0.000,0.000,0.000,0x0003,92
2026-08-13 07:40:58.386,0.000,0.000,0.000,0x0003,97
2026-08-13 07:40:58.891,0.000,0.000,0.000,0x0003,102
2026-08-13 07:40:59.397,0.000,0.000,0.000,0x0003,107
2026-08-13 07:40:59.904,0.000,0.000,0.000,0x0003,112
2026-08-13 07:41:00.409,0.000,0.000,0.000,0x0003,117
2026-08-13 07:41:00.911,0.000,0.000,0.000,0x0003,122
2026-08-13 07:41:01.413,0.000,0.000,0.000,0x0003,127
2026-08-13 07:41:01.921,0.000,0.000,0.000,0x0003,132
2026-08-13 07:41:02.427,0.000,0.000,0.000,0x0003,137
2026-08-13 07:41:02.932,0.000,0.000,0.000,0x0003,142
2026-08-14 16:09:52.706,1.061,0.531,0.531,0x0003,5654
2026-08-14 16:09:53.221,1.061,0.531,0.531,0x0003,5659
2026-08-14 16:09:53.736,1.061,0.531,0.531,0x0003,5664
2026-08-14 16:09:54.252,1.060,0.530,0.530,0x0003,5669
2026-08-14 16:09:54.765,1.061,0.531,0.531,0x0003,5675
2026-08-14 16:09:55.281,1.060,0.530,0.530,0x0003,5680
2026-08-14 16:09:55.796,1.060,0.530,0.530,0x0003,5685
2026-08-14 16:09:56.298,1.060,0.530,0.530,0x0003,5690
2026-08-14 16:09:56.812,1.060,0.530,0.530,0x0003,5695
2026-08-14 16:09:57.324,1.061,0.531,0.531,0x0003,5700
2026-08-14 16:09:57.825,1.060,0.530,0.530,0x0003,5705
2026-08-14 16:09:58.340,1.060,0.530,0.530,0x0003,5710
2026-08-14 16:09:58.840,1.061,0.531,0.531,0x0003,5715
2026-08-14 16:09:59.351,1.061,0.531,0.531,0x0003,5720
2026-08-14 16:09:59.853,1.060,0.530,0.530,0x0003,5725
2026-08-14 16:10:00.368,1.060,0.530,0.530,0x0003,5731
2026-08-14 16:10:00.879,1.060,0.530,0.530,0x0003,5736
2026-08-14 16:10:01.394,1.060,0.530,0.530,0x0003,5741
2026-08-14 16:10:01.908,1.060,0.530,0.530,0x0003,5746
2026-08-14 16:10:02.423,1.060,0.530,0.530,0x0003,5751
2026-08-14 16:10:02.938,1.060,0.530,0.530,0x0003,5756
2026-08-14 16:10:03.453,1.060,0.530,0.530,0x0003,5761
2026-08-14 16:10:03.970,1.060,0.530,0.530,0x0003,5767
2026-08-14 16:10:04.471,1.060,0.530,0.530,0x0003,5772
2026-08-14 16:10:04.983,1.060,0.530,0.530,0x0003,5777
2026-08-14 16:10:05.485,1.060,0.530,0.530,0x0003,5782
2026-08-14 16:10:05.999,1.060,0.530,0.530,0x0003,5787
2026-08-14 16:10:06.512,1.060,0.530,0.530,0x0003,5792
2026-08-14 16:10:07.014,1.060,0.530,0.530,0x0003,5797
2026-08-14 16:10:07.526,1.060,0.530,0.530,0x0003,5802
2026-08-14 16:10:08.042,1.060,0.530,0.530,0x0003,5807
2026-08-14 16:10:08.556,1.060,0.530,0.530,0x0003,5812
2026-08-14 16:10:09.067,1.060,0.530,0.530,0x0003,5818
2026-08-14 16:10:09.582,1.060,0.530,0.530,0x0003,5823
2026-08-14 16:10:10.095,1.060,0.530,0.530,0x0003,5828
2026-08-14 16:10:10.597,1.060,0.530,0.530,0x0003,5833
2026-08-14 16:10:11.112,1.060,0.530,0.530,0x0003,5838
2026-08-14 16:10:11.627,1.060,0.530,0.530,0x0003,5843
2026-08-14 16:10:12.142,1.060,0.530,0.530,0x0003,5848
2026-08-14 16:10:12.642,1.060,0.530,0.530,0x0003,5853
2026-08-14 16:10:13.156,1.060,0.530,0.530,0x0003,5858
2026-08-14 16:10:13.670,1.060,0.530,0.530,0x0003,5864
2026-08-14 16:10:14.183,1.060,0.530,0.530,0x0003,5869
2026-08-14 16:10:14.698,1.060,0.530,0.530,0x0003,5874
2026-08-14 16:10:15.213,1.060,0.530,0.530,0x0003,5879
2026-08-14 16:10:15.714,1.060,0.530,0.530,0x0003,5884
2026-08-14 16:10:16.217,1.060,0.530,0.530,0x0003,5889
2026-08-14 16:10:16.731,1.060,0.530,0.530,0x0003,5894
2026-08-14 16:10:17.243,1.060,0.530,0.530,0x0003,5899
2026-08-14 16:10:17.758,1.060,0.530,0.530,0x0003,5904
2026-08-14 16:10:18.273,1.059,0.529,0.529,0x0003,5910
2026-08-14 16:10:18.775,1.060,0.530,0.530,0x0003,5915
2026-08-14 16:10:19.289,1.059,0.529,0.529,0x0003,5920
2026-08-14 16:10:19.803,1.059,0.529,0.529,0x0003,5925
2026-08-14 16:10:20.320,1.059,0.529,0.529,0x0003,5930
2026-08-14 16:10:20.834,1.059,0.529,0.529,0x0003,5935
2026-08-14 16:10:21.334,1.059,0.529,0.529,0x0003,5940
2026-08-14 16:10:21.850,1.059,0.529,0.529,0x0003,5945
2026-08-14 16:10:22.366,1.059,0.529,0.529,0x0003,5951
2026-08-14 16:10:22.867,1.060,0.530,0.530,0x0003,5956
2026-08-14 16:10:23.383,1.059,0.529,0.529,0x0003,5961
2026-08-14 16:10:23.896,1.059,0.529,0.529,0x0003,5966
2026-08-14 16:10:24.398,1.043,0.521,0.521,0x0003,5970
2026-08-14 16:10:24.913,1.059,0.529,0.529,0x0003,5974
2026-08-14 16:10:25.416,1.059,0.529,0.529,0x0003,5979
2026-08-14 16:10:25.927,1.059,0.529,0.529,0x0003,5984
2026-08-14 16:10:26.442,1.059,0.529,0.529,0x0003,5989
2026-08-14 16:10:26.943,1.059,0.529,0.529,0x0003,5994
2026-08-14 16:10:27.444,1.059,0.529,0.529,0x0003,5999
2026-08-14 16:10:27.945,1.059,0.529,0.529,0x0003,6004
2026-08-14 16:10:28.448,1.059,0.529,0.529,0x0003,6009
2026-08-14 16:10:28.962,1.059,0.529,0.529,0x0003,6015
2026-08-14 16:10:29.475,1.059,0.529,0.529,0x0003,6020
2026-08-14 16:10:29.986,1.059,0.529,0.529,0x0003,6025
2026-08-14 16:10:30.487,1.059,0.529,0.529,0x0003,6030
2026-08-14 16:10:31.002,1.059,0.529,0.529,0x0003,6035
2026-08-14 16:10:31.516,1.059,0.529,0.529,0x0003,6040
2026-08-14 16:10:32.019,1.059,0.529,0.529,0x0003,6045
2026-08-14 16:10:32.521,1.059,0.529,0.529,0x0003,6050
2026-08-14 16:10:33.035,1.059,0.529,0.529,0x0003,6055
2026-08-14 16:10:38.679,1.060,0.530,0.530,0x0003,6112
2026-08-14 16:10:39.194,1.059,0.529,0.529,0x0003,6117
2026-08-14 16:10:39.707,1.059,0.529,0.529,0x0003,6122
2026-08-14 16:10:40.207,1.059,0.529,0.529,0x0003,6127
2026-08-14 16:10:40.722,1.059,0.529,0.529,0x0003,6132
2026-08-14 16:10:41.225,1.059,0.529,0.529,0x0003,6137
2026-08-14 16:10:41.740,1.059,0.529,0.529,0x0003,6142
2026-08-14 16:11:38.667,36.346,18.173,18.173,0x0002,6710
2026-08-14 16:11:39.175,36.346,18.173,18.173,0x0002,6715
2026-08-14 16:11:39.689,36.348,18.174,18.174,0x0002,6720
2026-08-14 16:11:40.205,36.346,18.173,18.173,0x0002,6725
2026-08-14 16:11:40.719,36.346,18.173,18.173,0x0002,6730
2026-08-14 16:11:41.223,36.346,18.173,18.173,0x0002,6735
2026-08-14 16:11:41.738,36.346,18.173,18.173,0x0002,6740
2026-08-14 16:11:42.240,36.346,18.173,18.173,0x0002,6745
2026-08-14 16:11:42.755,36.346,18.173,18.173,0x0002,6750
2026-08-14 16:11:43.256,36.348,18.174,18.174,0x0002,6755
2026-08-14 16:11:43.769,36.348,18.174,18.174,0x0002,6761
2026-08-14 16:11:44.283,36.346,18.173,18.173,0x0002,6766
2026-08-14 16:11:44.799,36.346,18.173,18.173,0x0002,6771
2026-08-14 16:11:45.314,36.348,18.174,18.174,0x0002,6776
2026-08-14 16:11:45.828,36.348,18.174,18.174,0x0002,6781
2026-08-14 16:11:46.342,36.348,18.174,18.174,0x0002,6786
2026-08-14 16:11:46.854,36.346,18.173,18.173,0x0002,6791
2026-08-14 16:11:47.364,36.348,18.174,18.174,0x0002,6797
2026-08-14 16:11:47.866,36.348,18.174,18.174,0x0002,6802
2026-08-14 16:11:48.378,36.346,18.173,18.173,0x0002,6807
2026-08-14 16:11:48.892,36.346,18.173,18.173,0x0002,6812
2026-08-14 16:11:49.404,36.348,18.174,18.174,0x0002,6817
2026-08-14 16:11:49.914,36.346,18.173,18.173,0x0002,6822
2026-08-14 16:11:50.429,36.346,18.173,18.173,0x0002,6827
2026-08-14 16:11:50.944,36.346,18.173,18.173,0x0002,6832
2026-08-14 16:11:51.445,36.348,18.174,18.174,0x0002,6837
2026-08-14 16:11:51.959,36.348,18.174,18.174,0x0002,6842
2026-08-14 16:11:52.472,36.346,18.173,18.173,0x0002,6848
2026-08-14 16:11:52.983,36.348,18.174,18.174,0x0002,6853
2026-08-14 16:11:53.497,36.348,18.174,18.174,0x0002,6858
2026-08-14 16:11:54.009,36.348,18.174,18.174,0x0002,6863
2026-08-14 16:11:54.522,36.348,18.174,18.174,0x0002,6868
2026-08-14 16:11:55.037,36.348,18.174,18.174,0x0002,6873
2026-08-14 16:11:55.551,36.348,18.174,18.174,0x0002,6878
2026-08-14 16:11:56.065,36.349,18.174,18.174,0x0002,6884
2026-08-14 16:11:56.581,36.348,18.174,18.174,0x0002,6889
2026-08-14 16:11:57.094,36.348,18.174,18.174,0x0002,6894
2026-08-14 16:11:57.609,36.348,18.174,18.174,0x0002,6899
2026-08-14 16:11:58.124,36.348,18.174,18.174,0x0002,6904
2026-08-14 16:11:58.639,36.348,18.174,18.174,0x0002,6909
2026-08-14 16:11:59.152,36.348,18.174,18.174,0x0002,6914
2026-08-14 16:11:59.668,36.348,18.174,18.174,0x0002,6920
2026-08-14 16:12:00.169,36.348,18.174,18.174,0x0002,6925
2026-08-14 16:12:00.682,36.349,18.174,18.174,0x0002,6930
2026-08-14 16:12:01.183,36.348,18.174,18.174,0x0002,6935
2026-08-14 16:12:01.698,36.349,18.174,18.174,0x0002,6940
2026-08-14 16:12:02.212,36.349,18.174,18.174,0x0002,6945
2026-08-14 16:12:02.712,36.349,18.174,18.174,0x0002,6950
2026-08-14 16:12:03.221,36.349,18.174,18.174,0x0002,6955
2026-08-14 16:12:03.736,36.349,18.174,18.174,0x0002,6960
2026-08-14 16:12:04.251,36.349,18.174,18.174,0x0002,6965
2026-08-14 16:12:05.698,36.348,18.174,18.174,0x0002,6980
2026-08-14 16:12:06.211,36.349,18.174,18.174,0x0002,6985
2026-08-14 16:12:06.713,36.348,18.174,18.174,0x0002,6990
2026-08-14 16:12:07.599,36.349,18.174,18.174,0x0002,6999
2026-08-14 16:12:08.109,36.348,18.174,18.174,0x0002,7004
2026-08-14 16:12:08.964,36.348,18.174,18.174,0x0002,7013
2026-08-14 16:12:09.476,36.349,18.174,18.174,0x0002,7018
2026-08-14 16:12:10.382,36.349,18.174,18.174,0x0002,7027
2026-08-14 16:12:10.897,36.350,18.175,18.175,0x0002,7032
2026-08-14 16:12:11.413,36.349,18.174,18.174,0x0002,7037
2026-08-14 16:12:11.927,36.349,18.174,18.174,0x0002,7042
2026-08-14 16:12:12.442,36.350,18.175,18.175,0x0002,7047
2026-08-14 16:12:12.954,36.349,18.174,18.174,0x0002,7052
2026-08-14 16:12:13.454,36.349,18.174,18.174,0x0002,7057
2026-08-14 16:12:13.957,36.349,18.174,18.174,0x0002,7062
2026-08-14 16:12:14.472,36.359,18.179,18.179,0x0002,7066
2026-08-14 16:12:14.986,36.350,18.175,18.175,0x0002,7071
2026-08-14 16:12:15.501,36.350,18.175,18.175,0x0002,7076
2026-08-14 16:12:16.015,36.349,18.174,18.174,0x0002,7081
